"Id","Prediction"
"ID_e9e0c1100",4
"ID_3e04e571e",4
"ID_51f52fdd2",4
"ID_de822510c",4
"ID_4ff51f90c",4
"ID_74a2bc523",4
"ID_15d393ce7",4
"ID_298d857e5",4
"ID_96b1fbc81",4
"ID_57b05a403",4
"ID_1f68e9b45",4
"ID_451a7e35a",4
"ID_feda408ee",4
"ID_340865cda",4
"ID_e2d67d5bb",4
"ID_c70e4a951",4
"ID_6e9d356d7",4
"ID_18e808ee5",4
"ID_c5bfe390e",4
"ID_c52da52d4",4
"ID_dd93e20ec",4
"ID_c8f69febe",4
"ID_202c0a339",4
"ID_072c16126",4
"ID_121a92c4e",4
"ID_c9fa0b1a8",4
"ID_ccc920272",4
"ID_5be3504eb",4
"ID_2a67a7630",4
"ID_6031cb88d",4
"ID_5beff72a2",4
"ID_651377e3e",4
"ID_28fd4d90b",4
"ID_1440088c1",4
"ID_fe1ee7296",4
"ID_c2ff78a35",4
"ID_bfaf299ff",4
"ID_4d206a96f",4
"ID_aaa431c01",4
"ID_b0adca84e",4
"ID_0e4c312aa",4
"ID_be4afa52d",4
"ID_2324f6d54",4
"ID_19a964806",4
"ID_a5078142a",4
"ID_e668c9ec2",4
"ID_8a3b1052c",4
"ID_dc4d4cca0",4
"ID_f807e3ae2",4
"ID_70fb027d1",4
"ID_293593dec",4
"ID_5ec61415a",4
"ID_92729a397",4
"ID_5b4a88643",4
"ID_644617617",4
"ID_21f8f4f4e",4
"ID_d07637f60",4
"ID_397744c3b",4
"ID_b1fb0180e",4
"ID_1c3ec2768",4
"ID_7185a549d",4
"ID_8c1eb9efe",4
"ID_a5a4a4e48",4
"ID_e461b5867",4
"ID_88de4fa62",4
"ID_b574afc28",4
"ID_ad0ffe318",4
"ID_f7153a600",4
"ID_5605a6cea",4
"ID_61b148e02",4
"ID_f79387448",4
"ID_7988703c0",4
"ID_c615861f3",4
"ID_c8ac649a2",4
"ID_24b2965ca",4
"ID_f3c40b840",4
"ID_864cefe4b",4
"ID_43fdf0633",4
"ID_c13bdb8d0",4
"ID_13147408e",4
"ID_0e022812e",4
"ID_3ead7d433",4
"ID_e1c816a53",4
"ID_7d5b483e6",4
"ID_16669b3ac",4
"ID_0f28c8bfa",4
"ID_2399e1e3e",4
"ID_d643847f2",4
"ID_d513df1f4",4
"ID_2838d3faf",4
"ID_ce56cfcc8",4
"ID_de3f25267",4
"ID_0279b85f5",4
"ID_9ebe6cb17",4
"ID_f488bed18",4
"ID_00b57e3ac",4
"ID_ab30b6834",4
"ID_d1fda458d",4
"ID_e159b3e0d",4
"ID_078365e6a",4
"ID_20055bfbe",4
"ID_c51c0afa1",4
"ID_d0a7abf23",4
"ID_c588b461b",4
"ID_d54890307",4
"ID_19197cb44",4
"ID_a5cce44f8",4
"ID_9018870b5",4
"ID_186ab51c3",4
"ID_caafe20b3",4
"ID_5259b18e1",4
"ID_29622421d",4
"ID_eb8ac76ec",4
"ID_f23811c6b",4
"ID_2f1ad6604",4
"ID_9b8df746f",4
"ID_3ad20c87c",4
"ID_a57f7832d",4
"ID_2cbfddb5a",4
"ID_adf2e08a8",4
"ID_21f868584",4
"ID_19f83c2e1",4
"ID_8fcf15bbf",4
"ID_284f0ebc1",4
"ID_b374a8031",4
"ID_f0c7fa2e4",4
"ID_47b5a8071",4
"ID_22b1b5f99",4
"ID_7a9bf1d93",4
"ID_8e091f94b",4
"ID_e28f22f3f",4
"ID_eb8d72e07",4
"ID_e7fa38760",4
"ID_b4f60b5a2",4
"ID_c1d8c2b13",4
"ID_e70ae742d",4
"ID_2cd011d2a",4
"ID_26022a0b5",4
"ID_5495950a2",4
"ID_b16551625",4
"ID_4aa7136c5",4
"ID_7892473a2",4
"ID_195b75007",4
"ID_e750a9b25",4
"ID_153f0acf3",4
"ID_1963a8702",4
"ID_c094a029d",4
"ID_57c52d9dd",4
"ID_05565b920",4
"ID_aea70a440",4
"ID_619109093",4
"ID_4a918e35b",4
"ID_4163b7eb1",4
"ID_9a52fe8b7",4
"ID_0554113d2",4
"ID_e4d11b71e",4
"ID_b0ae92849",4
"ID_0bf09b1be",4
"ID_00958797d",4
"ID_10753a185",4
"ID_6b6f7e484",4
"ID_b00165b12",4
"ID_971c1a599",4
"ID_ab805a71c",4
"ID_02b48b341",4
"ID_2480c27af",4
"ID_1ea2e22d0",4
"ID_fcc00bf9d",4
"ID_759e6417d",4
"ID_5a1417357",4
"ID_350f45b99",4
"ID_ef720c9a0",4
"ID_67d35e8bb",4
"ID_823205edb",4
"ID_7bac09a3e",4
"ID_26544e0eb",4
"ID_8acd801fa",4
"ID_13bfe5e8d",4
"ID_48c99cd4f",4
"ID_6fd84af55",4
"ID_7f6db0d24",4
"ID_d8f3d6905",4
"ID_338316f20",4
"ID_e68df666f",4
"ID_4dc6a4d2b",4
"ID_1f017e24f",4
"ID_938e79e9b",4
"ID_ad362fa9e",4
"ID_de3609428",4
"ID_a6104e30f",4
"ID_5bd307a6b",4
"ID_0f40ef336",4
"ID_41d581f4d",4
"ID_affe31828",4
"ID_d8119847a",4
"ID_995a23955",4
"ID_184dd6a11",4
"ID_b88d65eae",4
"ID_9811b2307",4
"ID_2e5aa95c3",4
"ID_6d0d808f3",4
"ID_84e0fb6fd",4
"ID_50a19e276",4
"ID_daa1791b3",4
"ID_9d63e0c8e",4
"ID_41a94fbc7",4
"ID_bb388b5b0",4
"ID_acbf2018e",4
"ID_4a61a5064",4
"ID_0a204866b",4
"ID_313d8b2e9",4
"ID_8063d4801",4
"ID_6f0958a32",4
"ID_419ddfa2a",4
"ID_21ef83ccd",4
"ID_37e5720d2",4
"ID_f03f4ceb9",4
"ID_e95b7bec5",4
"ID_c3b69bb3a",4
"ID_456fc2eb7",4
"ID_e25276d79",4
"ID_272cb7ce1",4
"ID_f9464eef0",4
"ID_93a1109cd",4
"ID_8b4000559",4
"ID_e04a6c08b",4
"ID_5a4e9b989",4
"ID_6d43e3af4",4
"ID_2aaa738ce",4
"ID_9e5bbae79",4
"ID_6aae3924e",4
"ID_f6e6000fc",4
"ID_4203fd5e2",4
"ID_7c33c1884",4
"ID_6c29eea22",4
"ID_870ae3993",4
"ID_f53b1a562",4
"ID_3cc20cddc",4
"ID_3941d6395",4
"ID_012411ec3",4
"ID_49e50a656",4
"ID_d83a6bf88",4
"ID_557c4080d",4
"ID_005bd0747",4
"ID_914a2d79b",4
"ID_1102b846c",4
"ID_848e69870",4
"ID_36f5f106b",4
"ID_07459da66",4
"ID_41614d238",4
"ID_20b89dcd2",4
"ID_f94581482",4
"ID_c04d679fe",4
"ID_cd38b33f2",4
"ID_12a4995f1",4
"ID_499d81073",4
"ID_3e270ea2c",4
"ID_2de1d659e",4
"ID_76e65b2a3",4
"ID_eae83e47e",4
"ID_b40bc5593",4
"ID_b9b9f70ef",4
"ID_4debcba3a",4
"ID_798bc25f5",4
"ID_7626a779d",4
"ID_8451eca26",4
"ID_68bec3731",4
"ID_ef71ef568",4
"ID_1f442814a",4
"ID_71f2f6d91",4
"ID_d1d838699",4
"ID_2347754c6",4
"ID_12596a633",4
"ID_390152271",4
"ID_a3423f159",4
"ID_641f6190e",4
"ID_d8da11228",4
"ID_6718f7a52",4
"ID_4995b86db",4
"ID_e933dc688",4
"ID_4c2d5598e",4
"ID_b55c67779",4
"ID_8b58a7bd1",4
"ID_b8607ffbd",4
"ID_9eca270b1",4
"ID_8dac0058f",4
"ID_f82f9adcf",4
"ID_ab2f8a70f",4
"ID_70582a43a",4
"ID_54c8a18a3",4
"ID_df244d1de",4
"ID_6babdf17f",4
"ID_0a53e753f",4
"ID_457c88643",4
"ID_d7939c9d9",4
"ID_703b3bbab",4
"ID_dd6b64498",4
"ID_0b9205330",4
"ID_0b535d92a",4
"ID_662b41b68",4
"ID_c156e6080",4
"ID_9bad80bc7",4
"ID_105d7b65f",4
"ID_8741c0aaa",4
"ID_e4e744c56",4
"ID_f84b40382",4
"ID_186d96d2c",4
"ID_456990df6",4
"ID_dabea333d",4
"ID_ae8742fdd",4
"ID_5fc89041f",4
"ID_132e309a5",4
"ID_cc61ceae0",4
"ID_8632b234d",4
"ID_0644e59f0",4
"ID_24a47418a",4
"ID_9c2747777",4
"ID_96b5eb55b",4
"ID_d040cf274",4
"ID_0c6c7c46c",4
"ID_0f024d8a3",4
"ID_e3c02e254",4
"ID_cbdc05267",4
"ID_c81b0d1af",4
"ID_68437ae85",4
"ID_6140de8b2",4
"ID_50253a04c",4
"ID_e4d01276d",4
"ID_29aa299ce",4
"ID_9daef0017",4
"ID_74047c123",4
"ID_a459f70bb",4
"ID_e75ded4a6",4
"ID_8651b94b0",4
"ID_4fac1292d",4
"ID_39a54a0dd",4
"ID_62098b7b1",4
"ID_fc2eaa50e",4
"ID_064150acd",4
"ID_22ca293f8",4
"ID_afad3dea4",4
"ID_b93fc94f6",4
"ID_d45f007e6",4
"ID_ac7e107ea",4
"ID_1b2a3eb70",4
"ID_064a73aeb",4
"ID_69a339834",4
"ID_eb92a7f3d",4
"ID_d0276832a",4
"ID_f3f8940d7",4
"ID_239619c9a",4
"ID_17f894177",4
"ID_efc91e9a9",4
"ID_7ca4b4ee7",4
"ID_a0cde8cf9",4
"ID_237c1e97e",4
"ID_303108a1c",4
"ID_3263e4a1a",4
"ID_6eb811375",4
"ID_6069a96c3",4
"ID_754585a47",4
"ID_e9b3a237c",4
"ID_0cdea3699",4
"ID_a1a8c97be",4
"ID_bdfa41ac8",4
"ID_4793f2a25",4
"ID_9cf12b1f5",4
"ID_8bb0f32c3",4
"ID_444afe2e5",4
"ID_9179ee6e7",4
"ID_84ce572bb",4
"ID_d5776f58a",4
"ID_2efcc7506",4
"ID_5e3a651be",4
"ID_bd7f96565",4
"ID_bf579a730",4
"ID_5da2e3fca",4
"ID_3c389bb55",4
"ID_21258a6ab",4
"ID_f092f21cf",4
"ID_0ef1c70f2",4
"ID_0ab1796f4",4
"ID_ab5e9d4a2",4
"ID_8ec0e509e",4
"ID_53e7665d6",4
"ID_c7d7b6515",4
"ID_09dc2723e",4
"ID_36368f591",4
"ID_a57dd9a55",4
"ID_ebeab0844",4
"ID_a86e07eca",4
"ID_1105f9ab2",4
"ID_a49950e5b",4
"ID_b41df32cf",4
"ID_7cbf5c85e",4
"ID_0ce53c899",4
"ID_a9dd8a1eb",4
"ID_1413fcfee",4
"ID_13e0dfe9b",4
"ID_efd20db03",4
"ID_0e363f91f",4
"ID_7886b517c",4
"ID_b6b73a2e0",4
"ID_94e7d7340",4
"ID_ecd647b60",4
"ID_2f2ebc646",4
"ID_565abcaec",4
"ID_fc1684bb8",4
"ID_af0dab309",4
"ID_5bd6254b3",4
"ID_ab9d8bfd2",4
"ID_df65abaed",4
"ID_803d36ea7",4
"ID_12c2903b0",4
"ID_395d62362",4
"ID_6880f8d79",4
"ID_daeb2e6a9",4
"ID_e2d4343fa",4
"ID_ce42c84aa",4
"ID_d02a7e719",4
"ID_522274862",4
"ID_02968bf89",4
"ID_f8f45925c",4
"ID_e9b7a02c2",4
"ID_13722caf5",4
"ID_2a7615902",4
"ID_c7da4c086",4
"ID_6b91c19ea",4
"ID_c1bf4ca05",4
"ID_2811cae61",4
"ID_7c0e983ae",4
"ID_3148c7e1d",4
"ID_ec7653eb0",4
"ID_a8a704b33",4
"ID_a94ac6930",4
"ID_2eab1d269",4
"ID_e684562f2",4
"ID_9617c2554",4
"ID_e07f61a0f",4
"ID_55b588ef5",4
"ID_c767c5f0b",4
"ID_5714bc36a",4
"ID_6c00e8e2c",4
"ID_a62d5635b",4
"ID_4033b647e",4
"ID_a0e0161bb",4
"ID_9ef4ccad1",4
"ID_5b39ae2ac",4
"ID_0fd804442",4
"ID_aa9974e1d",4
"ID_22f6a5d5d",4
"ID_2f3689802",4
"ID_157d62776",4
"ID_4d93c9115",4
"ID_259e47dae",4
"ID_5f6d696fd",4
"ID_296f24f4b",4
"ID_066334c70",4
"ID_e73ec19fa",4
"ID_c887d8bb7",4
"ID_83bce3d12",4
"ID_ac8b063ac",4
"ID_02bc6c364",4
"ID_ae6f14eaf",4
"ID_30c5ef107",4
"ID_e95b3cf98",4
"ID_c74bef8e8",4
"ID_8d18c35d4",4
"ID_69378f8bb",4
"ID_e914d43f4",4
"ID_4e1a05cce",4
"ID_30b046d19",4
"ID_cc7e6aa47",4
"ID_5efba4a00",4
"ID_85dccdbc4",4
"ID_98d9f99ed",4
"ID_f70543db0",4
"ID_f42c1a345",4
"ID_bd9b325f6",4
"ID_32bd2b66a",4
"ID_35abcb8f7",4
"ID_a19f6a21c",4
"ID_c6f87ff7b",4
"ID_c763a0fb4",4
"ID_12dc9773c",4
"ID_3faa32452",4
"ID_4fdd629e1",4
"ID_e3985d912",4
"ID_69ceea4d8",4
"ID_fdb533bc3",4
"ID_a017b3379",4
"ID_1a82cbd98",4
"ID_3fe6851e5",4
"ID_64e97afb4",4
"ID_c1012b9fb",4
"ID_785f86745",4
"ID_d43c61bc9",4
"ID_48b1e8fb0",4
"ID_b75d7c648",4
"ID_0d714151b",4
"ID_03af32683",4
"ID_58b57d3d1",4
"ID_bab500f31",4
"ID_14c8ce934",4
"ID_c152e039d",4
"ID_b57aa2e9f",4
"ID_2db868f9e",4
"ID_4e8398dd5",4
"ID_f4b970e27",4
"ID_f1cdf2b18",4
"ID_5cc1ea161",4
"ID_7815372ab",4
"ID_ac3889fba",4
"ID_d84135516",4
"ID_4abf9fda7",4
"ID_0805cd6ef",4
"ID_e8ac8a62e",4
"ID_0cffa3d12",4
"ID_53468bfc1",4
"ID_f68a5731c",4
"ID_1acc3b9db",4
"ID_fa16fc3f8",4
"ID_ed245e3e9",4
"ID_25356dca0",4
"ID_a7e0da9f3",4
"ID_d119c32be",4
"ID_7f3c2793b",4
"ID_728c35766",4
"ID_165efcb44",4
"ID_8dc0c6e49",4
"ID_f86f9d6e3",4
"ID_3a98b97fa",4
"ID_6df0785f5",4
"ID_97051753e",4
"ID_77a07cd1e",4
"ID_550f1ce7f",4
"ID_f846db38d",4
"ID_6a5578118",4
"ID_f7f4eac3f",4
"ID_b5b8af8f0",4
"ID_35ab6a10d",4
"ID_7cdd89568",4
"ID_8f8099bbb",4
"ID_77d8d18cd",4
"ID_0fe7bafe4",4
"ID_c6b9bcdd5",4
"ID_8dce81896",4
"ID_a4dc0ae2f",4
"ID_124147157",4
"ID_d9766b86d",4
"ID_de46615da",4
"ID_78c316c8d",4
"ID_ab0208709",4
"ID_c79bc6436",4
"ID_21ca3702f",4
"ID_6d17d36c8",4
"ID_cf4e3f076",4
"ID_43dc4b8db",4
"ID_c0bc9f0cf",4
"ID_54323c0d6",4
"ID_0faefcf6b",4
"ID_7e3aa90fc",4
"ID_42355969d",4
"ID_c3a81afb7",4
"ID_e75e4839f",4
"ID_769215b79",4
"ID_b480e2850",4
"ID_249c853e8",4
"ID_109c11ec7",4
"ID_a544eaea2",4
"ID_6b35bb60e",4
"ID_4a49126fc",4
"ID_8a4c766e6",4
"ID_6b9a04176",4
"ID_a5a03841a",4
"ID_fb18eaa05",4
"ID_add1c87d0",4
"ID_cda366f20",4
"ID_af1bc7aea",4
"ID_3cd99ccd9",4
"ID_8113f0d15",4
"ID_1373d44c0",4
"ID_3cce6a3d6",4
"ID_cb69015f9",4
"ID_3a47db99d",4
"ID_8a23fd3c6",4
"ID_e5ee8c82f",4
"ID_d51b0f53e",4
"ID_9647b8db3",4
"ID_e8705c211",4
"ID_e7482e964",4
"ID_5a25d8552",4
"ID_8ccb845fd",4
"ID_e07c64bc8",4
"ID_00b7179b8",4
"ID_645305075",4
"ID_a7b9e0830",4
"ID_9e576bdc6",4
"ID_9956b9d20",4
"ID_109efbe4f",4
"ID_2680bd217",4
"ID_3ec2f99a4",4
"ID_1556738be",4
"ID_90b652add",4
"ID_65e777330",4
"ID_4ff36c9ee",4
"ID_0d2aabd00",4
"ID_bba68af35",4
"ID_e67cdfaf5",4
"ID_0cd4d3063",4
"ID_fe2da730b",4
"ID_34e3c652b",4
"ID_5b06186ca",4
"ID_db11c067c",4
"ID_d579c5956",4
"ID_ca5a8e453",4
"ID_2d5590da7",4
"ID_29749a7e9",4
"ID_8359a787c",4
"ID_aa17600f5",4
"ID_1eb95427d",4
"ID_f3f8d473b",4
"ID_5522dc1fc",4
"ID_df7f1c1c3",4
"ID_c3d0580d4",4
"ID_db8409660",4
"ID_8749c4353",4
"ID_05114f73a",4
"ID_6d92eaff2",4
"ID_7a4bdb8d9",4
"ID_13561c986",4
"ID_324bf47df",4
"ID_44ce6cd44",4
"ID_add21cc4e",4
"ID_ee68ad186",4
"ID_8a2c7a1e7",4
"ID_6ee82e207",4
"ID_ff06b447d",4
"ID_042636abb",4
"ID_1bd77c221",4
"ID_db1ed9c1c",4
"ID_d90657706",4
"ID_a1b41d6d3",4
"ID_c45ce074a",4
"ID_01fea2fb2",4
"ID_11bfbe099",4
"ID_18980c0ee",4
"ID_edbb5ab2e",4
"ID_1aa45c090",4
"ID_bf4b0a76a",4
"ID_7365e7b52",4
"ID_cc721e3e3",4
"ID_3fb3f88d4",4
"ID_3d60919bd",4
"ID_2a7e56f9c",4
"ID_8f65f640d",4
"ID_9e9a2e037",4
"ID_5a2fa23f7",4
"ID_dfb53f8d8",4
"ID_7877f187d",4
"ID_4152887bb",4
"ID_e74d2f372",4
"ID_91334f102",4
"ID_344cab0e9",4
"ID_f9d38fdfc",4
"ID_717a40e7b",4
"ID_d1252aabc",4
"ID_03649c445",4
"ID_fef41409c",4
"ID_e34da1070",4
"ID_c19a75a13",4
"ID_eb688f56b",4
"ID_e9db8f9b1",4
"ID_b02f93a29",4
"ID_cafc9421b",4
"ID_2704b94be",4
"ID_e5c69b074",4
"ID_f13bfda01",4
"ID_7f8b54b7d",4
"ID_65f86c2c8",4
"ID_0165c72e0",4
"ID_0b8a9d699",4
"ID_ef2716a8f",4
"ID_ceabb5df8",4
"ID_0460c8f8a",4
"ID_5bbec150e",4
"ID_196e85454",4
"ID_950728be5",4
"ID_c2db3edd3",4
"ID_6e61ca6a9",4
"ID_fe793afc6",4
"ID_144f18883",4
"ID_05890a3b6",4
"ID_f34b3f58b",4
"ID_83ce5e331",4
"ID_a8ab08091",4
"ID_bb83ff26d",4
"ID_68cac5675",4
"ID_bf79e8299",4
"ID_3c0868755",4
"ID_445eedff2",4
"ID_9858698ff",4
"ID_c3ae57367",4
"ID_92a0116c3",4
"ID_2421ac8d9",4
"ID_e3b633667",4
"ID_d382bdd1e",4
"ID_74a0f73b8",4
"ID_a0b087923",4
"ID_a3c329ca1",4
"ID_8ea4182b8",4
"ID_5f1a64877",4
"ID_ad6334c6c",4
"ID_422dc5ad7",4
"ID_d1afe6cdc",4
"ID_e0c3601d4",4
"ID_4f37adfb5",4
"ID_a7d0eba3f",4
"ID_744bf418c",4
"ID_62b58d164",4
"ID_d874c8c9f",4
"ID_e7e80645c",4
"ID_1bbcf6f2a",4
"ID_7e909990f",4
"ID_7bea8b7eb",4
"ID_465637138",4
"ID_b0e855d8b",4
"ID_3244a047c",4
"ID_110fe1371",4
"ID_5b1909dd6",4
"ID_8408c4232",4
"ID_35d340ca0",4
"ID_52eb93f19",4
"ID_420d53c4d",4
"ID_a6a4a993e",4
"ID_dc82b3084",4
"ID_6aae3faf7",4
"ID_6c80f3762",4
"ID_1eb139773",4
"ID_6e1827173",4
"ID_9d8d71e29",4
"ID_8e19cea60",4
"ID_f4fc8801e",4
"ID_769474d62",4
"ID_81ea43355",4
"ID_6ee1b80d9",4
"ID_a71c21095",4
"ID_feec8baed",4
"ID_dc778ce91",4
"ID_98e7a7a2e",4
"ID_f364fa431",4
"ID_94e79ec19",4
"ID_67b249995",4
"ID_41c4fdc97",4
"ID_de9b9c2ab",4
"ID_23532feef",4
"ID_d04a57e1f",4
"ID_25db5f861",4
"ID_aa323b1b6",4
"ID_97cfb3aee",4
"ID_5ebbc36b8",4
"ID_bb8c46bb6",4
"ID_4f811db7f",4
"ID_4be613ba9",4
"ID_06b957178",4
"ID_b1050c6cf",4
"ID_55ec8eb3a",4
"ID_3296d6e62",4
"ID_118150b9d",4
"ID_27cd435be",4
"ID_8d0848006",4
"ID_8468b31c3",4
"ID_42c583b92",4
"ID_892c53dfb",4
"ID_3a86b66fa",4
"ID_a6bb9e1a6",4
"ID_40aefb23f",4
"ID_53604f493",4
"ID_048727c2e",4
"ID_ca2a7926f",4
"ID_f536c892a",4
"ID_6f7ba758d",4
"ID_3ad3dfcfa",4
"ID_61623df40",4
"ID_d39ac3df5",4
"ID_30a2c5bea",4
"ID_2570ce5a5",4
"ID_356efce43",4
"ID_c88835679",4
"ID_618f30ca5",4
"ID_adcac17b8",4
"ID_ae49982e3",4
"ID_1b487bc58",4
"ID_b86627fbb",4
"ID_0b3ba8cbe",4
"ID_e5c2bb49d",4
"ID_85d5cd65c",4
"ID_6aebaf4ff",4
"ID_50e2d4e1d",4
"ID_ecf345830",4
"ID_b92e864cd",4
"ID_59fb1dd00",4
"ID_c3f9e3c46",4
"ID_cc8af4c81",4
"ID_9d9f3d48c",4
"ID_e87730bf8",4
"ID_64ce4d1d1",4
"ID_e86a26bcd",4
"ID_7db550275",4
"ID_1c3b8b3d5",4
"ID_f208ac65a",4
"ID_cea4dc9da",4
"ID_58eabc2a0",4
"ID_59d628b02",4
"ID_30ccd5f04",4
"ID_bc4bddd4a",4
"ID_fd6cc8def",4
"ID_9d629a0ff",4
"ID_facb3d00d",4
"ID_69d81309f",4
"ID_33de543fb",4
"ID_43d8cc613",4
"ID_344781f19",4
"ID_82bea53de",4
"ID_ee16bde15",4
"ID_1e1e92245",4
"ID_5bb758d2c",4
"ID_604e0b361",4
"ID_e0b43bcd7",4
"ID_774f232fd",4
"ID_b455825d9",4
"ID_eeb0c1faa",4
"ID_a120962ba",4
"ID_e986429fd",4
"ID_29029353a",4
"ID_3c3df8b22",4
"ID_4b979ce4c",4
"ID_22886534c",4
"ID_09eb64329",4
"ID_f65d6cb1e",4
"ID_7a97908d6",4
"ID_7c21d4111",4
"ID_5d9168077",4
"ID_097150421",4
"ID_8b801f2a4",4
"ID_6ed3fdb12",4
"ID_3fc1b001a",4
"ID_acff529b8",4
"ID_1d8223eac",4
"ID_f411d23a6",4
"ID_2f7a3f14a",4
"ID_e149fbba6",4
"ID_607c142db",4
"ID_f744a32f5",4
"ID_d278e78b9",4
"ID_34198afd1",4
"ID_30666457f",4
"ID_2bd99e01b",4
"ID_1d58f2923",4
"ID_a15014942",4
"ID_982a6d335",4
"ID_c38103fd3",4
"ID_89c4066fc",4
"ID_4cb452a12",4
"ID_8de8b881e",4
"ID_509450dc3",4
"ID_daeab948f",4
"ID_597628ccc",4
"ID_4df98e404",4
"ID_f889fd1e7",4
"ID_b4da46362",4
"ID_c2f7fc971",4
"ID_8c9d0f707",4
"ID_511373fe8",4
"ID_277555e31",4
"ID_0a1b7da0b",4
"ID_77d447e93",4
"ID_f260e1507",4
"ID_9233e06e6",4
"ID_fd8750566",4
"ID_ade15990c",4
"ID_519dc11c1",4
"ID_c6148e593",4
"ID_893ac6b8d",4
"ID_8e03b9bdf",4
"ID_4d9e7465a",4
"ID_4b155f88f",4
"ID_a5a4f3785",4
"ID_da6830c48",4
"ID_1aef97e9c",4
"ID_dbd74857d",4
"ID_f89341453",4
"ID_0ba8423ae",4
"ID_e03eb76b9",4
"ID_f63e912bd",4
"ID_28f739e39",4
"ID_8477e1820",4
"ID_b1aaceb56",4
"ID_e6ac5108c",4
"ID_c5dd15f08",4
"ID_370881619",4
"ID_6ab843ebf",4
"ID_a6f51d4e9",4
"ID_30304964d",4
"ID_3287c24cb",4
"ID_3e3e9489e",4
"ID_a73eb2f21",4
"ID_19b3ffb28",4
"ID_9da2cea13",4
"ID_df8352129",4
"ID_7eb0143f2",4
"ID_4eeddb30a",4
"ID_10c17ed08",4
"ID_fdcdd22b6",4
"ID_24481f0f4",4
"ID_351f35ed5",4
"ID_734675059",4
"ID_e9b821d5a",4
"ID_0a6425823",4
"ID_71188d37b",4
"ID_59e79be66",4
"ID_6300f8938",4
"ID_d9c6b628b",4
"ID_56ecb3520",4
"ID_685c516be",4
"ID_3ea60397c",4
"ID_d4d9c21aa",4
"ID_03b7e3197",4
"ID_0889dfdb6",4
"ID_d5c96b1bc",4
"ID_5ed748141",4
"ID_989d93ad5",4
"ID_278550163",4
"ID_365eb228b",4
"ID_27a15e58a",4
"ID_0161d4de9",4
"ID_a38bc4139",4
"ID_fadc39d14",4
"ID_fcde62f8b",4
"ID_dd2d489ed",4
"ID_7655e6de4",4
"ID_9bb845c47",4
"ID_ceebc03ab",4
"ID_f6339035f",4
"ID_346aaedb6",4
"ID_cda9ea156",4
"ID_73d3fd2e4",4
"ID_55bac8c81",4
"ID_16d9ea969",4
"ID_dd1e4333b",4
"ID_55da1860d",4
"ID_10954c079",4
"ID_d9eff70e4",4
"ID_735b7d05c",4
"ID_b63708af8",4
"ID_6c4f42042",4
"ID_c36d747a5",4
"ID_e5fa22ef0",4
"ID_1d1e4e1a7",4
"ID_d3ff5b93f",4
"ID_70b5a5291",4
"ID_08f5073d8",4
"ID_658dcecf0",4
"ID_f9f1f0a83",4
"ID_d018d538c",4
"ID_2c37a6ea2",4
"ID_a6a72968b",4
"ID_01851fd00",4
"ID_88ab33cbc",4
"ID_e5fcc8bda",4
"ID_a7beffa50",4
"ID_b623ce46e",4
"ID_16ede5e51",4
"ID_67e6e8997",4
"ID_561b8c367",4
"ID_be5811610",4
"ID_061bdd9f3",4
"ID_0da5c2faf",4
"ID_52555bc99",4
"ID_13e22d79a",4
"ID_6eca8909b",4
"ID_2dee27fc9",4
"ID_876873c4c",4
"ID_c31143453",4
"ID_63951d558",4
"ID_3383fc373",4
"ID_e44e4eae3",4
"ID_542581efb",4
"ID_a390e64a5",4
"ID_df3add72b",4
"ID_34cc521da",4
"ID_ec7103cba",4
"ID_8475dab11",4
"ID_d892093aa",4
"ID_2a286de1d",4
"ID_2653ba895",4
"ID_8e8d21322",4
"ID_4cc63e1d5",4
"ID_ec3f93937",4
"ID_3637e1059",4
"ID_e8b9d1a08",4
"ID_35f869eb4",4
"ID_9381c3b5e",4
"ID_7a5ab2bcb",4
"ID_e6df57204",4
"ID_8e2cce809",4
"ID_4cfbc4162",4
"ID_c96c9bf9e",4
"ID_6259ad37a",4
"ID_2401d0585",4
"ID_e4879628f",4
"ID_05f7ddbab",4
"ID_279e77c3e",4
"ID_19abbe40f",4
"ID_2a0c11fb2",4
"ID_0bdf26444",4
"ID_2351a6f79",4
"ID_1c6967a42",4
"ID_b060df2f6",4
"ID_1c0fc092b",4
"ID_dd1353b9f",4
"ID_415f8aeb5",4
"ID_1f05a5a26",4
"ID_d2f52b98a",4
"ID_b2f80bbda",4
"ID_3fa58a263",4
"ID_955464781",4
"ID_7b78ddc0e",4
"ID_a3895e444",4
"ID_7e33f2eca",4
"ID_62524d9d5",4
"ID_c7b3e0c80",4
"ID_3de1be7f7",4
"ID_362852b8d",4
"ID_a632eabed",4
"ID_5d8c143db",4
"ID_c325a873d",4
"ID_e0d046fd2",4
"ID_e52585a85",4
"ID_b16393cc3",4
"ID_4552dbc4f",4
"ID_145aa4b0f",4
"ID_40bb7aff5",4
"ID_85b5e5721",4
"ID_96e47a90f",4
"ID_7abf72f1a",4
"ID_36558394d",4
"ID_4e9074581",4
"ID_71b509f65",4
"ID_d15f083d9",4
"ID_43466e728",4
"ID_d4e95878f",4
"ID_065fc2cde",4
"ID_ebe18413e",4
"ID_7b50252d4",4
"ID_94ce17fc7",4
"ID_4ce5c148d",4
"ID_35f95b8b6",4
"ID_bd339ab12",4
"ID_3072f6fc6",4
"ID_72792f673",4
"ID_6495b81cd",4
"ID_d580712f5",4
"ID_d02019991",4
"ID_63cc37466",4
"ID_1cb871359",4
"ID_3811d96e3",4
"ID_af90738ad",4
"ID_91e3e639c",4
"ID_7a66c6f89",4
"ID_a9addb87b",4
"ID_19f9e1621",4
"ID_2032acb65",4
"ID_42d58ac28",4
"ID_3a617ddb0",4
"ID_2d623678d",4
"ID_d1959dd29",4
"ID_177378bff",4
"ID_e73d03a98",4
"ID_ce5351f9f",4
"ID_865cdbce8",4
"ID_5aa6e5400",4
"ID_9c6e7732b",4
"ID_05a3b0997",4
"ID_cdae4baf1",4
"ID_91b628e17",4
"ID_d5d3a8c07",4
"ID_1c0024454",4
"ID_9708817d3",4
"ID_dc9d76110",4
"ID_ed570dcb2",4
"ID_61cff6f42",4
"ID_0a810943a",4
"ID_3457f0314",4
"ID_aa48a21f9",4
"ID_fe2d2a495",4
"ID_ae7d53dbf",4
"ID_c14560897",4
"ID_2bad6cc63",4
"ID_4d26cc4c9",4
"ID_5d6cbe399",4
"ID_8cd2347fe",4
"ID_d259883e4",4
"ID_aa99b4910",4
"ID_6dc5484ba",4
"ID_36dd07718",4
"ID_9bb1e6b28",4
"ID_5442b6d21",4
"ID_9fb6e0341",4
"ID_2865d9374",4
"ID_85d8ccd0a",4
"ID_6c50bdcc1",4
"ID_7a18b4545",4
"ID_64c9eabac",4
"ID_084b470f4",4
"ID_f8c277d2e",4
"ID_2de21e537",4
"ID_74bcf8c35",4
"ID_213ba715d",4
"ID_d68f3cf32",4
"ID_97e8db651",4
"ID_d4acfc54b",4
"ID_0ca7ce0a6",4
"ID_1caaed8c0",4
"ID_168560f51",4
"ID_022f02ee0",4
"ID_febc3d424",4
"ID_0f8831e9c",4
"ID_236473c6c",4
"ID_6e488ac8b",4
"ID_4717f60f0",4
"ID_e7b7289ae",4
"ID_03728cda5",4
"ID_e14c0ad97",4
"ID_923660245",4
"ID_3b9b3cc6a",4
"ID_91ac81bad",4
"ID_f12e42675",4
"ID_82e11172c",4
"ID_3201197bb",4
"ID_51e7ddbe8",4
"ID_8688c972b",4
"ID_492b91c4f",4
"ID_0917a4935",4
"ID_8fbe5cbfa",4
"ID_e43633875",4
"ID_5eb22ae10",4
"ID_c1f2f92a1",4
"ID_adfa4d1f7",4
"ID_e75b03a58",4
"ID_61d7c7949",4
"ID_f1ea2c3ac",4
"ID_65e4e4a59",4
"ID_02e3de257",4
"ID_d8bd28607",4
"ID_d62f996ba",4
"ID_782d494eb",4
"ID_f1fe0dbb5",4
"ID_2897de6d4",4
"ID_c2b24fdfc",4
"ID_dcb78bafb",4
"ID_13dd0bd2d",4
"ID_5511fbf06",4
"ID_ecc40730c",4
"ID_98502f4bc",4
"ID_c11197bbc",4
"ID_b48de009e",4
"ID_31f940312",4
"ID_54784fe42",4
"ID_6e977e950",4
"ID_339148904",4
"ID_55b2e1809",4
"ID_067284ec4",4
"ID_270e920a2",4
"ID_55f38ea73",4
"ID_c8a30b79b",4
"ID_9d2fcb94c",4
"ID_7646db6e0",4
"ID_5d18b83eb",4
"ID_ade06f3b2",4
"ID_2258b7347",4
"ID_b6889eed0",4
"ID_064866163",4
"ID_3f7301fac",4
"ID_c585dea81",4
"ID_40b9e1cba",4
"ID_727132ee4",4
"ID_ed3809215",4
"ID_4290f86d0",4
"ID_0160b01ec",4
"ID_e7d057011",4
"ID_b434055f3",4
"ID_c72e02f50",4
"ID_1964e858e",4
"ID_9ed940f4d",4
"ID_6d1947d30",4
"ID_30e6f0874",4
"ID_abfca4ddc",4
"ID_6c5ee0878",4
"ID_39d8a7b8b",4
"ID_47dc0581a",4
"ID_cf4f76520",4
"ID_4a8727cbf",4
"ID_3cb5c0bd1",4
"ID_e99185287",4
"ID_252f5b460",4
"ID_c9761e0b3",4
"ID_a29fd982c",4
"ID_075f1fa1f",4
"ID_574a1698c",4
"ID_b70681ddf",4
"ID_3a7906f0a",4
"ID_058aa1ea3",4
"ID_5ca05aeba",4
"ID_74e989389",4
"ID_8996c74f7",4
"ID_87bd77440",4
"ID_c111b2b0e",4
"ID_37d09e0a6",4
"ID_c69b31ed3",4
"ID_037006329",4
"ID_c6f13eef7",4
"ID_b148f9d05",4
"ID_12708703d",4
"ID_891c74d8a",4
"ID_610c53f34",4
"ID_758e68a5b",4
"ID_31edaa060",4
"ID_602207196",4
"ID_ea570724f",4
"ID_8bf41deff",4
"ID_68d92fd0f",4
"ID_2196fe183",4
"ID_6de13030f",4
"ID_28c6418a7",4
"ID_fea8ddcc8",4
"ID_582bf9a75",4
"ID_383767df9",4
"ID_dcff962c0",4
"ID_8db567fad",4
"ID_bb65ca72c",4
"ID_0d3925d40",4
"ID_3cd9a0e81",4
"ID_a170fe4b2",4
"ID_7551cfcc2",4
"ID_6d57944ea",4
"ID_9c9c4a844",4
"ID_ac41f79da",4
"ID_e1c5c71b8",4
"ID_d9c8567bf",4
"ID_0f8827864",4
"ID_c46829ffa",4
"ID_5d32f1f53",4
"ID_7b12e54f0",4
"ID_cd0ef0dbb",4
"ID_792efdb05",4
"ID_e1f770552",4
"ID_b84cbbe85",4
"ID_c7f12e5a6",4
"ID_fc3ade7cd",4
"ID_1c63e84a6",4
"ID_e109cd606",4
"ID_deab95269",4
"ID_8ffe856cc",4
"ID_49267c510",4
"ID_dc5e45122",4
"ID_3fd1ef020",4
"ID_b361d855c",4
"ID_b17692e38",4
"ID_267a9c589",4
"ID_61c8aa0d5",4
"ID_db88ef041",4
"ID_60561fd2d",4
"ID_7390a3f99",4
"ID_d29dabfd0",4
"ID_a0d49bd3c",4
"ID_d000ef964",4
"ID_0f78108a1",4
"ID_048df6724",4
"ID_d2e2636a4",4
"ID_f423be5a7",4
"ID_7505ed8e4",4
"ID_fba7a2c47",4
"ID_8cb6e7cca",4
"ID_321365599",4
"ID_ebb60458e",4
"ID_349788610",4
"ID_e31f733b5",4
"ID_f9b39fb30",4
"ID_59017f53f",4
"ID_385a74e23",4
"ID_1c662d954",4
"ID_e6add5085",4
"ID_214a92ca4",4
"ID_0dc4debb7",4
"ID_8ddb34d2c",4
"ID_501bf99f3",4
"ID_da1d0c44f",4
"ID_7bb45fa93",4
"ID_e10b2b69e",4
"ID_fe8c32eba",4
"ID_7dba9bfb8",4
"ID_fade08814",4
"ID_9b4a69b6d",4
"ID_88cb4ef73",4
"ID_230b39ffe",4
"ID_23fcc582d",4
"ID_c1bf12343",4
"ID_73641853a",4
"ID_b65a91940",4
"ID_68f8fcc94",4
"ID_f9a5b4133",4
"ID_21813448a",4
"ID_a486768b3",4
"ID_cf6223bc1",4
"ID_e9e026a49",4
"ID_a3ba291a0",4
"ID_ada7c92f3",4
"ID_65ffd07f8",4
"ID_fd7c6026b",4
"ID_fb506d706",4
"ID_b2bd032e6",4
"ID_f56057b96",4
"ID_198c1156b",4
"ID_d65942d75",4
"ID_12dd387e0",4
"ID_03317ca8d",4
"ID_d903b447c",4
"ID_573a35368",4
"ID_19d0857ad",4
"ID_b58532c1e",4
"ID_aa8391149",4
"ID_495c398a2",4
"ID_1ca42da63",4
"ID_39da63812",4
"ID_bfdbdfd95",4
"ID_3a1564bac",4
"ID_807e04772",4
"ID_f1f6261da",4
"ID_68aaebf2f",4
"ID_e5bf4eda7",4
"ID_3d40b9f34",4
"ID_caaafd511",4
"ID_04d306abd",4
"ID_546075c6e",4
"ID_26b3af4e8",4
"ID_fe3eaf456",4
"ID_c1af27302",4
"ID_b2b1389d9",4
"ID_a3b74efd1",4
"ID_fc3ecd253",4
"ID_4e3b4bf14",4
"ID_7d7603446",4
"ID_1e22cdf6c",4
"ID_b1e25b75e",4
"ID_3ac3556e4",4
"ID_3a0e758ae",4
"ID_689c2af1f",4
"ID_590c2fc90",4
"ID_912d8b285",4
"ID_4664d04f5",4
"ID_bf2e5e35e",4
"ID_db02d6415",4
"ID_06a9eaaa1",4
"ID_0f61577b5",4
"ID_b4f0aaff6",4
"ID_fe3241ad5",4
"ID_37826654c",4
"ID_de18aa736",4
"ID_613a1a85a",4
"ID_7d1333b2c",4
"ID_e6d389391",4
"ID_e12c65f17",4
"ID_f59c82ad5",4
"ID_2faf0c97f",4
"ID_a57f33b6d",4
"ID_4072eeeb2",4
"ID_3c6c4e38d",4
"ID_8c4f4c68a",4
"ID_5be20525a",4
"ID_10038ea39",4
"ID_1897502d6",4
"ID_a1d2f9bcc",4
"ID_c875ec87f",4
"ID_989352628",4
"ID_2c8b2e582",4
"ID_5ec56bfc8",4
"ID_cb0b81fb3",4
"ID_f4c5e270a",4
"ID_6ea932eb7",4
"ID_5537ca632",4
"ID_026337fc1",4
"ID_c60b87f80",4
"ID_e103225e3",4
"ID_04d796642",4
"ID_b8dfb4fc0",4
"ID_e08440b81",4
"ID_c1661b893",4
"ID_d996e6958",4
"ID_fdc985777",4
"ID_030a042c7",4
"ID_012b0d963",4
"ID_6e569f1e5",4
"ID_7dd39fcff",4
"ID_450829ac8",4
"ID_3d404265f",4
"ID_8c4e4b129",4
"ID_44a410a75",4
"ID_47bf15f96",4
"ID_a77e17fa8",4
"ID_8dc36730a",4
"ID_ce79272ea",4
"ID_d56ece350",4
"ID_398cd0cd0",4
"ID_371f39941",4
"ID_3d0561988",4
"ID_fa5928f41",4
"ID_6ac6d6057",4
"ID_db0f26b5f",4
"ID_2e9245111",4
"ID_a9ef8259e",4
"ID_194697609",4
"ID_4b78bae30",4
"ID_f319894bf",4
"ID_2fcb0cd9d",4
"ID_098fc6b3d",4
"ID_c1a253f4d",4
"ID_9d51e08f8",4
"ID_fa55b142b",4
"ID_c5fe72b22",4
"ID_6d289b529",4
"ID_0ffbe4065",4
"ID_a6e31347b",4
"ID_df54dbfa0",4
"ID_0862215d9",4
"ID_14b4b4c82",4
"ID_c11209459",4
"ID_62dbb0ff9",4
"ID_ba2ac56bb",4
"ID_e946458d3",4
"ID_b737062a8",4
"ID_55d0fb795",4
"ID_afde8f5c5",4
"ID_73029f4ce",4
"ID_4e0655250",4
"ID_640cbec78",4
"ID_2effcc22c",4
"ID_76ac95c46",4
"ID_c130ee2af",4
"ID_c54787b51",4
"ID_61f4df99c",4
"ID_53a10688a",4
"ID_e38fe97bd",4
"ID_2822d68a5",4
"ID_e9e72561e",4
"ID_c328d19f1",4
"ID_24ae08cf8",4
"ID_1ff246a75",4
"ID_85bb3a31e",4
"ID_a6a20e9a5",4
"ID_5e194d245",4
"ID_eaca96eae",4
"ID_17d8b7950",4
"ID_a23e21328",4
"ID_841615818",4
"ID_0e6f79656",4
"ID_86aed2743",4
"ID_a89b0025c",4
"ID_e9f71b249",4
"ID_4e81d1658",4
"ID_e02926f1f",4
"ID_f4c490137",4
"ID_ac617de8e",4
"ID_2341a35ce",4
"ID_941a42f8a",4
"ID_4b5353c82",4
"ID_505c017ce",4
"ID_478a01bcb",4
"ID_a822f9754",4
"ID_a5d912a21",4
"ID_ba67de39c",4
"ID_9e25446c4",4
"ID_f53cc1eda",4
"ID_a23391346",4
"ID_dbbb13ccf",4
"ID_62c521127",4
"ID_c963092d4",4
"ID_5996c6c08",4
"ID_1568b6055",4
"ID_f1944b110",4
"ID_ee1f03406",4
"ID_6ca2e5420",4
"ID_c7d5e13a2",4
"ID_52422b63d",4
"ID_cf2fa85ec",4
"ID_08bcb6370",4
"ID_8bb46ee32",4
"ID_050eb5e25",4
"ID_2de5a3488",4
"ID_b30f38831",4
"ID_5ab7adcca",4
"ID_a563b330d",4
"ID_fe32c7472",4
"ID_4e33bd810",4
"ID_6b2861266",4
"ID_25de29183",4
"ID_3bc1e0292",4
"ID_e56a9cd4a",4
"ID_ba8e2b9ba",4
"ID_438e5f55a",4
"ID_7758b4d57",4
"ID_92ae5ec3c",4
"ID_3019a7d44",4
"ID_8f292e3dc",4
"ID_4b0abd18f",4
"ID_c174dc10a",4
"ID_f826c775f",4
"ID_b84170356",4
"ID_389eb5f20",4
"ID_54db3311f",4
"ID_781b99412",4
"ID_fdfb1ed67",4
"ID_9ac580350",4
"ID_81abce4ed",4
"ID_b8ff8c152",4
"ID_ea1ab7b73",4
"ID_f4e3be6c0",4
"ID_a2dda29a7",4
"ID_cbafad17a",4
"ID_2fe83b02d",4
"ID_7287761a0",4
"ID_2459bb6c8",4
"ID_a3da54c39",4
"ID_2fbdd5a83",4
"ID_2d6d59a70",4
"ID_2c77ae997",4
"ID_4e8f627c2",4
"ID_b1fa0a0f0",4
"ID_1b6bc1d6a",4
"ID_bf56eb3d9",4
"ID_d53da1d91",4
"ID_9e02f083c",4
"ID_893280912",4
"ID_c7f67bbb3",4
"ID_1bce286a0",4
"ID_2253be13c",4
"ID_9301989ae",4
"ID_3006faf25",4
"ID_5bdf915df",4
"ID_13576e7ad",4
"ID_a25b450e1",4
"ID_0a9d14ed7",4
"ID_1e24b7aa6",4
"ID_762e1fd96",4
"ID_424c06cc4",4
"ID_945052dc9",4
"ID_4a1162ec0",4
"ID_4c7fb9099",4
"ID_c35a5a413",4
"ID_9db5e4c39",4
"ID_9a3d2550a",4
"ID_ef524a443",4
"ID_42dca4cb8",4
"ID_ebef0991f",4
"ID_70f9083ea",4
"ID_1fcd54851",4
"ID_46cbf09a4",4
"ID_237f3abda",4
"ID_e040f6b08",4
"ID_83e7e2cdb",4
"ID_2a3f624bb",4
"ID_fa27e3c0c",4
"ID_c5a0ddf20",4
"ID_a718260ab",4
"ID_02ee96c77",4
"ID_3c5d9a692",4
"ID_308a05a16",4
"ID_585f40110",4
"ID_409f605ae",4
"ID_aa80ae9fd",4
"ID_24c98f0d1",4
"ID_a6c4f6d9f",4
"ID_d0a7cc1dc",4
"ID_ffb70769d",4
"ID_0318f001f",4
"ID_25ccfc265",4
"ID_08d57417a",4
"ID_a327edd60",4
"ID_f3add6338",4
"ID_713639805",4
"ID_54f810e2c",4
"ID_7a67b2a70",4
"ID_8285f8349",4
"ID_cb9fd26d1",4
"ID_5fd9d3209",4
"ID_8de7eec2f",4
"ID_8e0bdec5e",4
"ID_1acbd89d1",4
"ID_092731146",4
"ID_5ccef436f",4
"ID_45fe47a17",4
"ID_84dae9c9e",4
"ID_252a66e64",4
"ID_bed3fc936",4
"ID_c09542364",4
"ID_7e513a2ad",4
"ID_ce41643bf",4
"ID_5faf5d08b",4
"ID_3a31dd301",4
"ID_03fc8b947",4
"ID_12880fa45",4
"ID_6164bc707",4
"ID_6a65042a2",4
"ID_a61087ea9",4
"ID_6024ddbc4",4
"ID_6928ebc91",4
"ID_9208620db",4
"ID_65a3ceace",4
"ID_8e6111139",4
"ID_353d0d59b",4
"ID_58a290ffa",4
"ID_ec4b2a32f",4
"ID_a99ed35e1",4
"ID_e1842b79b",4
"ID_8ac64785f",4
"ID_9f3d7d73f",4
"ID_468eda0fb",4
"ID_e3eac701e",4
"ID_515f1b28c",4
"ID_470f1e622",4
"ID_63b0b95f1",4
"ID_93b57cb35",4
"ID_b435cd96d",4
"ID_c6b1fee99",4
"ID_dc4a48aa9",4
"ID_a2aabf773",4
"ID_c945e6e3c",4
"ID_56b72cca0",4
"ID_f7f1e9dcc",4
"ID_005cb39c3",4
"ID_6418b100c",4
"ID_19dcf19a1",4
"ID_d094f34ec",4
"ID_c4013bf67",4
"ID_84ae240d3",4
"ID_3af6e1eda",4
"ID_cb43267d0",4
"ID_7e5295916",4
"ID_561c30392",4
"ID_e1ad9b99c",4
"ID_f23ae0ef8",4
"ID_7732ffefe",4
"ID_f38f04502",4
"ID_fb03af55a",4
"ID_fdcbc52ab",4
"ID_fc2bcd4c7",4
"ID_44f75b8f8",4
"ID_2be03470b",4
"ID_5ad8baeef",4
"ID_d18f5c243",4
"ID_7bccbfe9e",4
"ID_f14e3f7be",4
"ID_9bb555f43",4
"ID_6eb855147",4
"ID_e16073408",4
"ID_05ef94dce",4
"ID_e53c6b160",4
"ID_f77e862e3",4
"ID_bb453978d",4
"ID_245a705f8",4
"ID_3b90c1b12",4
"ID_1143d90ec",4
"ID_fd3cf6831",4
"ID_51836fe5e",4
"ID_e24b2b0f2",4
"ID_e58e5daa4",4
"ID_108d02dbe",4
"ID_258d1704b",4
"ID_0e2f52a41",4
"ID_bcd33cb7d",4
"ID_8eb8b14eb",4
"ID_cd192218d",4
"ID_91394da6e",4
"ID_399931e2e",4
"ID_483716d63",4
"ID_c41b71044",4
"ID_cd70a48f7",4
"ID_51fa0ab8d",4
"ID_e695f001d",4
"ID_4877d0935",4
"ID_3f0399f3a",4
"ID_eaa6cc79a",4
"ID_06c2b50ef",4
"ID_5dc521541",4
"ID_82ebed6d4",4
"ID_67b5a2459",4
"ID_a8786a3c6",4
"ID_1abd15e6e",4
"ID_8064d34af",4
"ID_db1257761",4
"ID_feb6367e3",4
"ID_192bfefb6",4
"ID_dbb1fb4a8",4
"ID_5dd27d533",4
"ID_e1a314234",4
"ID_69aa7dc4c",4
"ID_837c2f4f7",4
"ID_1dac8ab5f",4
"ID_efb968254",4
"ID_1d342d4a0",4
"ID_ed8849f44",4
"ID_c8916aeda",4
"ID_cb54e8689",4
"ID_9b37eb960",4
"ID_e6e7adbd3",4
"ID_cf43bccf7",4
"ID_d69a96d8e",4
"ID_a7d862e4d",4
"ID_5bcf16715",4
"ID_18f932b6a",4
"ID_f2de0a8d0",4
"ID_cfcb6b80b",4
"ID_95b0ff10e",4
"ID_5f0088b72",4
"ID_06297a961",4
"ID_d2762eee4",4
"ID_01b90084f",4
"ID_e4d9ce494",4
"ID_423fc33bc",4
"ID_6e4db0343",4
"ID_8fb695629",4
"ID_9e6dbaf2b",4
"ID_35285574c",4
"ID_caa795e75",4
"ID_97568faae",4
"ID_ee70c5751",4
"ID_3281389b5",4
"ID_ad7aceb46",4
"ID_c3c5e446b",4
"ID_c29bb5bf5",4
"ID_188c60b60",4
"ID_12efdc8a5",4
"ID_f14ea92f1",4
"ID_fa7daf548",4
"ID_1831ce8d4",4
"ID_8e99487fd",4
"ID_2995e6cc7",4
"ID_fa8109828",4
"ID_eff54a5b5",4
"ID_4f32b42e2",4
"ID_9091da5cd",4
"ID_223461014",4
"ID_614a2dc4f",4
"ID_a25bcd0a8",4
"ID_af1d8b713",4
"ID_e7a832349",4
"ID_dbd9d36b1",4
"ID_b94d86369",4
"ID_7118eff08",4
"ID_24e6b28dd",4
"ID_e7620b5c8",4
"ID_991b84866",4
"ID_9f8940db7",4
"ID_b3ee949c3",4
"ID_2bf6be248",4
"ID_a852697e7",4
"ID_aecf7347d",4
"ID_90c8ce371",4
"ID_aea878427",4
"ID_adfbca9d2",4
"ID_3c0206749",4
"ID_3cbcc21ff",4
"ID_4c0dbcc99",4
"ID_57698d315",4
"ID_18e0c54c0",4
"ID_88e3e284c",4
"ID_0b6717dd6",4
"ID_31af49b72",4
"ID_6c84ce755",4
"ID_57fe44029",4
"ID_46186fe5d",4
"ID_e2b213347",4
"ID_bb42cbb1c",4
"ID_c56169727",4
"ID_270ff6a25",4
"ID_49336088a",4
"ID_45697315c",4
"ID_77b4e63cb",4
"ID_7ac9de260",4
"ID_6418a98a9",4
"ID_6f22cd690",4
"ID_98dfdb3fa",4
"ID_8299ae660",4
"ID_26f1a88dc",4
"ID_4aa536ed8",4
"ID_78f401238",4
"ID_2e970b47c",4
"ID_898132128",4
"ID_d50bd75b6",4
"ID_6580e7800",4
"ID_ba012871c",4
"ID_d543df772",4
"ID_d1d76c2e2",4
"ID_b9bc4dba9",4
"ID_4c09b1798",4
"ID_2bd022552",4
"ID_aaa9a9e1a",4
"ID_06b053414",4
"ID_574ea5a92",4
"ID_1519ee109",4
"ID_6248bd678",4
"ID_7f398a2a9",4
"ID_1c1825772",4
"ID_bdc98c4f1",4
"ID_0e2428bd7",4
"ID_d48dd73a5",4
"ID_e9ae9c572",4
"ID_bc3739ab3",4
"ID_7372889fb",4
"ID_9f1ecf376",4
"ID_8c3b30fef",4
"ID_ab2ae021f",4
"ID_a92596e5b",4
"ID_f71cda550",4
"ID_a9f89963b",4
"ID_e308fac6c",4
"ID_a44ad0084",4
"ID_8dc24984d",4
"ID_874901314",4
"ID_021089577",4
"ID_8e0291b7e",4
"ID_83f547e66",4
"ID_5fd544e3b",4
"ID_428471f3f",4
"ID_b60b48c2a",4
"ID_b80f8746f",4
"ID_f6063ffd6",4
"ID_2092b2c88",4
"ID_b4e167847",4
"ID_0102dc04b",4
"ID_84a3fe538",4
"ID_0e9625c65",4
"ID_11624a354",4
"ID_6f2adb869",4
"ID_0acb1c97f",4
"ID_e811b3917",4
"ID_31cfde450",4
"ID_8acdeefb7",4
"ID_81b55bfe2",4
"ID_2189cc84d",4
"ID_81136cf9c",4
"ID_6d6a0b868",4
"ID_8e08e1c42",4
"ID_4ee600dd6",4
"ID_6de283c0d",4
"ID_ed25f315d",4
"ID_5e344e68a",4
"ID_ebd46065d",4
"ID_8dcc86449",4
"ID_e4a9550a9",4
"ID_a3ab49b7f",4
"ID_e22fbbbaf",4
"ID_f1355afb3",4
"ID_e9f36f76b",4
"ID_d9b731a82",4
"ID_5a9892d66",4
"ID_b1fb73d39",4
"ID_4f8a32d29",4
"ID_d814f1a56",4
"ID_40fef853c",4
"ID_223400393",4
"ID_506790695",4
"ID_74a0931de",4
"ID_3ffd59f63",4
"ID_8eacd6d5e",4
"ID_f5aff1942",4
"ID_d7f45a459",4
"ID_12c10b214",4
"ID_5a0153752",4
"ID_7c7c06bc2",4
"ID_518168a2e",4
"ID_635e2f20e",4
"ID_b51785bbe",4
"ID_9c3e4d477",4
"ID_8770278e2",4
"ID_45b66e567",4
"ID_36bc11f26",4
"ID_3ef316d48",4
"ID_902cc0a6b",4
"ID_d0b39d9dd",4
"ID_c51d7c66b",4
"ID_2f5ad837a",4
"ID_744977d0f",4
"ID_ed4f9f2e4",4
"ID_dabf3e52b",4
"ID_e11047ffb",4
"ID_898532174",4
"ID_7788ff3e2",4
"ID_de4b00f08",4
"ID_c404eb93a",4
"ID_60c0ce2d4",4
"ID_04ec934df",4
"ID_62105bff6",4
"ID_262a8d562",4
"ID_fe9aee7ad",4
"ID_6309f1595",4
"ID_5384717d3",4
"ID_18b0a845b",4
"ID_d20bd7576",4
"ID_fc386a944",4
"ID_32a00a8bf",4
